device_id,volume,date,time
1,123.12,21-02-2021,1:00
1,124.12,21-02-2021,2:00
1,125.12,21-02-2021,3:00
1,126.12,21-02-2021,4:00
1,127.12,21-02-2021,5:00
1,555,21-02-2021,6:00
1,555,21-02-2021,7:00
1,555,21-02-2021,8:00
1,555,21-02-2021,9:00
1,555,21-02-2021,10:00
1,555,21-02-2021,11:00
1,555,21-02-2021,12:00
1,78,21-02-2021,13:00
1,78,21-02-2021,14:00
1,78,21-02-2021,15:00
1,78,21-02-2021,16:00
1,78,21-02-2021,17:00
1,78,21-02-2021,18:00
1,78,21-02-2021,19:00
1,78,21-02-2021,20:00
1,1,21-02-2021,21:00
1,1,21-02-2021,22:00
1,1,21-02-2021,23:00
1,1,21-02-2021,0:00
2,1119,21-02-2021,1:00
2,1120,21-02-2021,2:00
2,1121,21-02-2021,3:00
2,1122,21-02-2021,4:00
2,1123,21-02-2021,5:00
2,22,21-02-2021,6:00
2,23,21-02-2021,7:00
2,24,21-02-2021,8:00
2,25,21-02-2021,9:00
2,26,21-02-2021,10:00
2,27,21-02-2021,11:00
2,28,21-02-2021,12:00
2,29,21-02-2021,13:00
2,30,21-02-2021,14:00
2,31,21-02-2021,15:00
2,32,21-02-2021,16:00
2,33,21-02-2021,17:00
2,34,21-02-2021,18:00
2,35,21-02-2021,19:00
2,36,21-02-2021,20:00
2,123,21-02-2021,21:00
2,124,21-02-2021,22:00
2,125,21-02-2021,23:00
2,126,21-02-2021,0:00
3,1255,21-02-2021,1:00
3,1256,21-02-2021,2:00
3,1257,21-02-2021,3:00
3,1258,21-02-2021,4:00
3,1259,21-02-2021,5:00
3,1260,21-02-2021,6:00
3,1261,21-02-2021,7:00
3,1262,21-02-2021,8:00
3,1263,21-02-2021,9:00
3,1264,21-02-2021,10:00
3,1265,21-02-2021,11:00
3,1266,21-02-2021,12:00
3,1267,21-02-2021,13:00
3,1268,21-02-2021,14:00
3,1269,21-02-2021,15:00
3,1270,21-02-2021,16:00
3,1271,21-02-2021,17:00
3,1272,21-02-2021,18:00
3,789,21-02-2021,19:00
3,790,21-02-2021,20:00
3,791,21-02-2021,21:00
3,792,21-02-2021,22:00
3,793,21-02-2021,23:00
3,794,21-02-2021,0:00
4,29,21-02-2021,1:00
4,30,21-02-2021,2:00
4,31,21-02-2021,3:00
4,32,21-02-2021,4:00
4,33,21-02-2021,5:00
4,34,21-02-2021,6:00
4,35,21-02-2021,7:00
4,36,21-02-2021,8:00
4,37,21-02-2021,9:00
4,38,21-02-2021,10:00
4,39,21-02-2021,11:00
4,40,21-02-2021,12:00
4,41,21-02-2021,13:00
4,42,21-02-2021,14:00
4,43,21-02-2021,15:00
4,44,21-02-2021,16:00
4,23,21-02-2021,17:00
4,24,21-02-2021,18:00
4,25,21-02-2021,19:00
4,26,21-02-2021,20:00
4,27,21-02-2021,21:00
4,28,21-02-2021,22:00
4,29,21-02-2021,23:00
4,30,21-02-2021,0:00
5,127,21-02-2021,1:00
5,128,21-02-2021,2:00
5,129,21-02-2021,3:00
5,130,21-02-2021,4:00
5,131,21-02-2021,5:00
5,132,21-02-2021,6:00
5,133,21-02-2021,7:00
5,134,21-02-2021,8:00
5,135,21-02-2021,9:00
5,136,21-02-2021,10:00
5,137,21-02-2021,11:00
5,138,21-02-2021,12:00
5,139,21-02-2021,13:00
5,140,21-02-2021,14:00
5,141,21-02-2021,15:00
5,142,21-02-2021,16:00
5,456,21-02-2021,17:00
5,457,21-02-2021,18:00
5,458,21-02-2021,19:00
5,459,21-02-2021,20:00
5,460,21-02-2021,21:00
5,461,21-02-2021,22:00
5,462,21-02-2021,23:00
5,463,21-02-2021,0:00
